date,canton,C1_oxford_school_closing,school_primary_secondary,school_highschool,school_university,C2_oxford_workplace_closing,home_office_recommended,leisure,sport,shops,hairdressers,church,restaurants,restaurants_tablesize,clubs,clubs_npeople,C3_oxford_cancel_public_events,C4_oxford_restrictions_on_gatherings,public_events_npeople,gatherings_npeople,C5_oxford_close_public_transport,C6_oxford_stay_at_home,C7_oxford_restriction_internal_movement,C8_oxford_international_travel_control,H1_oxford_public_info_campaigns,H2_oxford_testing_policy,H3_oxford_contact_tracing,H6_oxford_facial_coverings,facial_coverings_shops,facial_coverings_public_buildings,facial_coverings_schools,oxford_containment_health
2020-01-01,CH,0,open,open,open,0,no,open,open,open,open,open,open,,open,,0,0,,,0,0,0,0,0,0,0,0,no,no,no,0
2020-01-02,CH,0,open,open,open,0,no,open,open,open,open,open,open,,open,,0,0,,,0,0,0,0,0,0,0,0,no,no,no,0
2020-01-03,CH,0,open,open,open,0,no,open,open,open,open,open,open,,open,,0,0,,,0,0,0,0,0,0,0,0,no,no,no,0
2020-01-04,CH,0,open,open,open,0,no,open,open,open,open,open,open,,open,,0,0,,,0,0,0,0,0,0,0,0,no,no,no,0
2020-01-05,CH,0,open,open,open,0,no,open,open,open,open,open,open,,open,,0,0,,,0,0,0,0,0,0,0,0,no,no,no,0
2020-01-06,CH,0,open,open,open,0,no,open,open,open,open,open,open,,open,,0,0,,,0,0,0,0,0,0,0,0,no,no,no,0
2020-01-07,CH,0,open,open,open,0,no,open,open,open,open,open,open,,open,,0,0,,,0,0,0,0,0,0,0,0,no,no,no,0
2020-01-08,CH,0,open,open,open,0,no,open,open,open,open,open,open,,open,,0,0,,,0,0,0,0,0,0,0,0,no,no,no,0
2020-01-09,CH,0,open,open,open,0,no,open,open,open,open,open,open,,open,,0,0,,,0,0,0,0,0,0,0,0,no,no,no,0
2020-01-10,CH,0,open,open,open,0,no,open,open,open,open,open,open,,open,,0,0,,,0,0,0,0,0,0,0,0,no,no,no,0
2020-01-11,CH,0,open,open,open,0,no,open,open,open,open,open,open,,open,,0,0,,,0,0,0,0,0,0,0,0,no,no,no,0
2020-01-12,CH,0,open,open,open,0,no,open,open,open,open,open,open,,open,,0,0,,,0,0,0,0,0,0,0,0,no,no,no,0
2020-01-13,CH,0,open,open,open,0,no,open,open,open,open,open,open,,open,,0,0,,,0,0,0,0,0,0,0,0,no,no,no,0
2020-01-14,CH,0,open,open,open,0,no,open,open,open,open,open,open,,open,,0,0,,,0,0,0,0,0,0,0,0,no,no,no,0
2020-01-15,CH,0,open,open,open,0,no,open,open,open,open,open,open,,open,,0,0,,,0,0,0,0,0,0,0,0,no,no,no,0
2020-01-16,CH,0,open,open,open,0,no,open,open,open,open,open,open,,open,,0,0,,,0,0,0,0,0,0,0,0,no,no,no,0
2020-01-17,CH,0,open,open,open,0,no,open,open,open,open,open,open,,open,,0,0,,,0,0,0,0,0,0,0,0,no,no,no,0
2020-01-18,CH,0,open,open,open,0,no,open,open,open,open,open,open,,open,,0,0,,,0,0,0,0,0,0,0,0,no,no,no,0
2020-01-19,CH,0,open,open,open,0,no,open,open,open,open,open,open,,open,,0,0,,,0,0,0,0,0,0,0,0,no,no,no,0
2020-01-20,CH,0,open,open,open,0,no,open,open,open,open,open,open,,open,,0,0,,,0,0,0,0,0,0,0,0,no,no,no,0
2020-01-21,CH,0,open,open,open,0,no,open,open,open,open,open,open,,open,,0,0,,,0,0,0,0,0,0,0,0,no,no,no,0
2020-01-22,CH,0,open,open,open,0,no,open,open,open,open,open,open,,open,,0,0,,,0,0,0,0,0,0,0,0,no,no,no,0
2020-01-23,CH,0,open,open,open,0,no,open,open,open,open,open,open,,open,,0,0,,,0,0,0,0,0,0,0,0,no,no,no,0
2020-01-24,CH,0,open,open,open,0,no,open,open,open,open,open,open,,open,,0,0,,,0,0,0,0,0,0,0,0,no,no,no,0
2020-01-25,CH,0,open,open,open,0,no,open,open,open,open,open,open,,open,,0,0,,,0,0,0,0,0,0,0,0,no,no,no,0
2020-01-26,CH,0,open,open,open,0,no,open,open,open,open,open,open,,open,,0,0,,,0,0,0,0,0,0,0,0,no,no,no,0
2020-01-27,CH,0,open,open,open,0,no,open,open,open,open,open,open,,open,,0,0,,,0,0,0,0,0,0,0,0,no,no,no,0
2020-01-28,CH,0,open,open,open,0,no,open,open,open,open,open,open,,open,,0,0,,,0,0,0,0,0,0,0,0,no,no,no,0
2020-01-29,CH,0,open,open,open,0,no,open,open,open,open,open,open,,open,,0,0,,,0,0,0,0,0,0,0,0,no,no,no,0
2020-01-30,CH,0,open,open,open,0,no,open,open,open,open,open,open,,open,,0,0,,,0,0,0,0,0,0,0,0,no,no,no,0
2020-01-31,CH,0,open,open,open,0,no,open,open,open,open,open,open,,open,,0,0,,,0,0,0,0,0,0,0,0,no,no,no,0
2020-02-01,CH,0,open,open,open,0,no,open,open,open,open,open,open,,open,,0,0,,,0,0,0,0,0,0,0,0,no,no,no,0
2020-02-02,CH,0,open,open,open,0,no,open,open,open,open,open,open,,open,,0,0,,,0,0,0,0,0,0,0,0,no,no,no,0
2020-02-03,CH,0,open,open,open,0,no,open,open,open,open,open,open,,open,,0,0,,,0,0,0,0,0,0,0,0,no,no,no,0
2020-02-04,CH,0,open,open,open,0,no,open,open,open,open,open,open,,open,,0,0,,,0,0,0,0,0,0,0,0,no,no,no,0
2020-02-05,CH,0,open,open,open,0,no,open,open,open,open,open,open,,open,,0,0,,,0,0,0,0,0,0,0,0,no,no,no,0
2020-02-06,CH,0,open,open,open,0,no,open,open,open,open,open,open,,open,,0,0,,,0,0,0,0,0,0,0,0,no,no,no,0
2020-02-07,CH,0,open,open,open,0,no,open,open,open,open,open,open,,open,,0,0,,,0,0,0,0,0,0,0,0,no,no,no,0
2020-02-08,CH,0,open,open,open,0,no,open,open,open,open,open,open,,open,,0,0,,,0,0,0,0,0,0,0,0,no,no,no,0
2020-02-09,CH,0,open,open,open,0,no,open,open,open,open,open,open,,open,,0,0,,,0,0,0,0,0,0,0,0,no,no,no,0
2020-02-10,CH,0,open,open,open,0,no,open,open,open,open,open,open,,open,,0,0,,,0,0,0,0,0,0,0,0,no,no,no,0
2020-02-11,CH,0,open,open,open,0,no,open,open,open,open,open,open,,open,,0,0,,,0,0,0,0,0,0,0,0,no,no,no,0
2020-02-12,CH,0,open,open,open,0,no,open,open,open,open,open,open,,open,,0,0,,,0,0,0,0,0,0,0,0,no,no,no,0
2020-02-13,CH,0,open,open,open,0,no,open,open,open,open,open,open,,open,,0,0,,,0,0,0,0,0,0,0,0,no,no,no,0
2020-02-14,CH,0,open,open,open,0,no,open,open,open,open,open,open,,open,,0,0,,,0,0,0,0,0,0,0,0,no,no,no,0
2020-02-15,CH,0,open,open,open,0,no,open,open,open,open,open,open,,open,,0,0,,,0,0,0,0,0,0,1,0,no,no,no,4.16666666666667
2020-02-16,CH,0,open,open,open,0,no,open,open,open,open,open,open,,open,,0,0,,,0,0,0,0,0,0,1,0,no,no,no,4.16666666666667
2020-02-17,CH,0,open,open,open,0,no,open,open,open,open,open,open,,open,,0,0,,,0,0,0,0,0,0,1,0,no,no,no,4.16666666666667
2020-02-18,CH,0,open,open,open,0,no,open,open,open,open,open,open,,open,,0,0,,,0,0,0,0,0,0,1,0,no,no,no,4.16666666666667
2020-02-19,CH,0,open,open,open,0,no,open,open,open,open,open,open,,open,,0,0,,,0,0,0,0,0,0,1,0,no,no,no,4.16666666666667
2020-02-20,CH,0,open,open,open,0,no,open,open,open,open,open,open,,open,,0,0,,,0,0,0,0,0,0,1,0,no,no,no,4.16666666666667
2020-02-21,CH,0,open,open,open,0,no,open,open,open,open,open,open,,open,,0,0,,,0,0,0,0,0,0,1,0,no,no,no,4.16666666666667
2020-02-22,CH,0,open,open,open,0,no,open,open,open,open,open,open,,open,,0,0,,,0,0,0,0,0,0,1,0,no,no,no,4.16666666666667
2020-02-23,CH,0,open,open,open,0,no,open,open,open,open,open,open,,open,,0,0,,,0,0,0,0,0,0,1,0,no,no,no,4.16666666666667
2020-02-24,CH,0,open,open,open,0,no,open,open,open,open,open,open,,open,,0,0,,,0,0,0,0,0,2,1,0,no,no,no,9.72222222222222
2020-02-25,CH,0,open,open,open,0,no,open,open,open,open,open,open,,open,,2,0,,,0,0,0,0,0,2,1,0,no,no,no,18.0555555555556
2020-02-26,CH,0,open,open,open,0,no,open,open,open,open,open,open,,open,,2,0,,,0,0,0,0,0,2,1,0,no,no,no,18.0555555555556
2020-02-27,CH,0,open,open,open,0,no,open,open,open,open,open,open,,open,,2,0,,,0,0,0,0,1,2,1,0,no,no,no,22.2222222222222
2020-02-28,CH,0,open,open,open,0,no,open,open,open,open,open,open,,open,,2,1,1000,,0,0,0,0,1,2,1,0,no,no,no,24.3055555555556
2020-02-29,CH,0,open,open,open,0,no,open,open,open,open,open,open,,open,,2,1,1000,,0,0,0,0,1,2,1,0,no,no,no,24.3055555555556
2020-03-01,CH,0,open,open,open,0,no,open,open,open,open,open,open,,open,,2,1,1000,,0,0,0,0,1,2,1,0,no,no,no,24.3055555555556
2020-03-02,CH,0,open,open,open,0,no,open,open,open,open,open,open,,open,,2,1,1000,,0,0,0,0,1,2,1,0,no,no,no,24.3055555555556
2020-03-03,CH,0,open,open,open,0,no,open,open,open,open,open,open,,open,,2,1,1000,,0,0,0,0,2,2,1,0,no,no,no,28.4722222222222
2020-03-04,CH,0,open,open,open,0,no,open,open,open,open,open,open,,open,,2,1,1000,,0,0,0,0,2,2,1,0,no,no,no,28.4722222222222
2020-03-05,CH,0,open,open,open,0,no,open,open,open,open,open,open,,open,,2,1,1000,,0,0,0,0,2,2,1,0,no,no,no,28.4722222222222
2020-03-06,CH,0,open,open,open,0,no,open,open,open,open,open,open,,open,,2,1,1000,,0,0,0,0,2,2,1,0,no,no,no,28.4722222222222
2020-03-07,CH,0,open,open,open,0,no,open,open,open,open,open,open,,open,,2,1,1000,,0,0,0,0,2,1,1,0,no,no,no,25.6944444444444
2020-03-08,CH,0,open,open,open,0,no,open,open,open,open,open,open,,open,,2,1,1000,,0,0,0,0,2,1,1,0,no,no,no,25.6944444444444
2020-03-09,CH,0,open,open,open,0,no,open,open,open,open,open,open,,open,,2,1,1000,,0,0,0,0,2,1,1,0,no,no,no,25.6944444444444
2020-03-10,CH,0,open,open,open,0,no,open,open,open,open,open,open,,open,,2,1,1000,,0,0,0,0,2,1,1,0,no,no,no,25.6944444444444
2020-03-11,CH,0,open,open,open,0,no,open,open,open,open,open,open,,open,,2,1,1000,,0,0,0,0,2,1,1,0,no,no,no,25.6944444444444
2020-03-12,CH,0,open,open,open,0,no,open,open,open,open,open,open,,open,,2,1,1000,,0,0,0,0,2,1,1,0,no,no,no,25.6944444444444
2020-03-13,CH,3,closed,closed,closed,1,no,open,open,open,open,open,open_with_measures,,open_with_measures,50,2,2,100,,0,0,0,0,2,1,1,0,no,no,no,38.8888888888889
2020-03-14,CH,3,closed,closed,closed,1,no,open,open,open,open,open,open_with_measures,,open_with_measures,50,2,2,100,,0,0,0,0,2,1,1,0,no,no,no,38.8888888888889
2020-03-15,CH,3,closed,closed,closed,1,no,open,open,open,open,open,open_with_measures,,open_with_measures,50,2,2,100,,0,0,0,0,2,1,1,0,no,no,no,38.8888888888889
2020-03-16,CH,3,closed,closed,closed,1,no,open,open,open,open,open,open_with_measures,0,closed,0,2,2,100,,0,0,0,0,2,1,1,0,no,no,no,38.8888888888889
2020-03-17,CH,3,closed,closed,closed,3,yes,closed,closed,closed,closed,closed,closed,0,closed,0,2,4,0,,1,1,1,4,2,1,1,0,no,no,no,68.0555555555555
2020-03-18,CH,3,closed,closed,closed,3,yes,closed,closed,closed,closed,closed,closed,0,closed,0,2,4,0,,1,1,1,4,2,1,1,0,no,no,no,68.0555555555555
2020-03-19,CH,3,closed,closed,closed,3,yes,closed,closed,closed,closed,closed,closed,0,closed,0,2,4,0,,1,1,1,4,2,1,1,0,no,no,no,68.0555555555555
2020-03-20,CH,3,closed,closed,closed,3,yes,closed,closed,closed,closed,closed,closed,0,closed,0,2,4,0,5,1,1,1,4,2,1,1,0,no,no,no,68.0555555555555
2020-03-21,CH,3,closed,closed,closed,3,yes,closed,closed,closed,closed,closed,closed,0,closed,0,2,4,0,5,1,1,1,4,2,1,1,0,no,no,no,68.0555555555555
2020-03-22,CH,3,closed,closed,closed,3,yes,closed,closed,closed,closed,closed,closed,0,closed,0,2,4,0,5,1,1,1,4,2,1,1,0,no,no,no,68.0555555555555
2020-03-23,CH,3,closed,closed,closed,3,yes,closed,closed,closed,closed,closed,closed,0,closed,0,2,4,0,5,1,1,1,4,2,1,1,0,no,no,no,68.0555555555555
2020-03-24,CH,3,closed,closed,closed,3,yes,closed,closed,closed,closed,closed,closed,0,closed,0,2,4,0,5,1,1,1,4,2,1,1,0,no,no,no,68.0555555555555
2020-03-25,CH,3,closed,closed,closed,3,yes,closed,closed,closed,closed,closed,closed,0,closed,0,2,4,0,5,1,1,1,4,2,1,1,0,no,no,no,68.0555555555555
2020-03-26,CH,3,closed,closed,closed,3,yes,closed,closed,closed,closed,closed,closed,0,closed,0,2,4,0,5,1,1,1,4,2,1,1,0,no,no,no,68.0555555555555
2020-03-27,CH,3,closed,closed,closed,3,yes,closed,closed,closed,closed,closed,closed,0,closed,0,2,4,0,5,1,1,1,4,2,1,1,0,no,no,no,68.0555555555555
2020-03-28,CH,3,closed,closed,closed,3,yes,closed,closed,closed,closed,closed,closed,0,closed,0,2,4,0,5,1,1,1,4,2,1,1,0,no,no,no,68.0555555555555
2020-03-29,CH,3,closed,closed,closed,3,yes,closed,closed,closed,closed,closed,closed,0,closed,0,2,4,0,5,1,1,1,4,2,1,1,0,no,no,no,68.0555555555555
2020-03-30,CH,3,closed,closed,closed,3,yes,closed,closed,closed,closed,closed,closed,0,closed,0,2,4,0,5,1,1,1,4,2,1,1,0,no,no,no,68.0555555555555
2020-03-31,CH,3,closed,closed,closed,3,yes,closed,closed,closed,closed,closed,closed,0,closed,0,2,4,0,5,1,1,1,4,2,1,1,0,no,no,no,68.0555555555555
2020-04-01,CH,3,closed,closed,closed,3,yes,closed,closed,closed,closed,closed,closed,0,closed,0,2,4,0,5,1,1,1,4,2,1,1,0,no,no,no,68.0555555555555
2020-04-02,CH,3,closed,closed,closed,3,yes,closed,closed,closed,closed,closed,closed,0,closed,0,2,4,0,5,1,1,1,4,2,1,1,0,no,no,no,68.0555555555555
2020-04-03,CH,3,closed,closed,closed,3,yes,closed,closed,closed,closed,closed,closed,0,closed,0,2,4,0,5,1,1,1,4,2,1,1,0,no,no,no,68.0555555555555
2020-04-04,CH,3,closed,closed,closed,3,yes,closed,closed,closed,closed,closed,closed,0,closed,0,2,4,0,5,1,1,1,4,2,1,1,0,no,no,no,68.0555555555555
2020-04-05,CH,3,closed,closed,closed,3,yes,closed,closed,closed,closed,closed,closed,0,closed,0,2,4,0,5,1,1,1,4,2,1,1,0,no,no,no,68.0555555555555
2020-04-06,CH,3,closed,closed,closed,3,yes,closed,closed,closed,closed,closed,closed,0,closed,0,2,4,0,5,1,1,1,4,2,1,1,0,no,no,no,68.0555555555555
2020-04-07,CH,3,closed,closed,closed,3,yes,closed,closed,closed,closed,closed,closed,0,closed,0,2,4,0,5,1,1,1,4,2,1,1,0,no,no,no,68.0555555555555
2020-04-08,CH,3,closed,closed,closed,3,yes,closed,closed,closed,closed,closed,closed,0,closed,0,2,4,0,5,1,1,1,4,2,1,1,0,no,no,no,68.0555555555555
2020-04-09,CH,3,closed,closed,closed,3,yes,closed,closed,closed,closed,closed,closed,0,closed,0,2,4,0,5,1,1,1,4,2,1,1,0,no,no,no,68.0555555555555
2020-04-10,CH,3,closed,closed,closed,3,yes,closed,closed,closed,closed,closed,closed,0,closed,0,2,4,0,5,1,1,1,4,2,1,1,0,no,no,no,68.0555555555555
2020-04-11,CH,3,closed,closed,closed,3,yes,closed,closed,closed,closed,closed,closed,0,closed,0,2,4,0,5,1,1,1,4,2,1,1,0,no,no,no,68.0555555555555
2020-04-12,CH,3,closed,closed,closed,3,yes,closed,closed,closed,closed,closed,closed,0,closed,0,2,4,0,5,1,1,1,4,2,1,1,0,no,no,no,68.0555555555555
2020-04-13,CH,3,closed,closed,closed,3,yes,closed,closed,closed,closed,closed,closed,0,closed,0,2,4,0,5,1,1,1,4,2,1,1,0,no,no,no,68.0555555555555
2020-04-14,CH,3,closed,closed,closed,3,yes,closed,closed,closed,closed,closed,closed,0,closed,0,2,4,0,5,1,1,1,4,2,1,1,0,no,no,no,68.0555555555555
2020-04-15,CH,3,closed,closed,closed,3,yes,closed,closed,closed,closed,closed,closed,0,closed,0,2,4,0,5,1,1,1,4,2,1,1,0,no,no,no,68.0555555555555
2020-04-16,CH,3,closed,closed,closed,3,yes,closed,closed,closed,closed,closed,closed,0,closed,0,2,4,0,5,1,1,1,4,2,1,1,0,no,no,no,68.0555555555555
2020-04-17,CH,3,closed,closed,closed,3,yes,closed,closed,closed,closed,closed,closed,0,closed,0,2,4,0,5,1,1,1,4,2,1,1,0,no,no,no,68.0555555555555
2020-04-18,CH,3,closed,closed,closed,3,yes,closed,closed,closed,closed,closed,closed,0,closed,0,2,4,0,5,1,1,1,4,2,1,1,0,no,no,no,68.0555555555555
2020-04-19,CH,3,closed,closed,closed,3,yes,closed,closed,closed,closed,closed,closed,0,closed,0,2,4,0,5,1,1,1,4,2,1,1,0,no,no,no,68.0555555555555
2020-04-20,CH,3,closed,closed,closed,3,yes,closed,closed,closed,closed,closed,closed,0,closed,0,2,4,0,5,1,1,1,4,2,1,1,0,no,no,no,68.0555555555555
2020-04-21,CH,3,closed,closed,closed,3,yes,closed,closed,closed,closed,closed,closed,0,closed,0,2,4,0,5,1,1,1,4,2,1,1,0,no,no,no,68.0555555555555
2020-04-22,CH,3,closed,closed,closed,3,yes,closed,closed,closed,closed,closed,closed,0,closed,0,2,4,0,5,1,1,1,4,2,1,1,0,no,no,no,68.0555555555555
2020-04-23,CH,3,closed,closed,closed,3,yes,closed,closed,closed,closed,closed,closed,0,closed,0,2,4,0,5,1,1,1,4,2,1,1,0,no,no,no,68.0555555555555
2020-04-24,CH,3,closed,closed,closed,3,yes,closed,closed,closed,closed,closed,closed,0,closed,0,2,4,0,5,1,1,1,4,2,1,1,0,no,no,no,68.0555555555555
2020-04-25,CH,3,closed,closed,closed,3,yes,closed,closed,closed,closed,closed,closed,0,closed,0,2,4,0,5,1,1,1,4,2,1,1,0,no,no,no,68.0555555555555
2020-04-26,CH,3,closed,closed,closed,3,yes,closed,closed,closed,closed,closed,closed,0,closed,0,2,4,0,5,1,1,1,4,2,1,1,0,no,no,no,68.0555555555555
2020-04-27,CH,3,closed,closed,closed,2,yes,closed,closed,closed,open_with_measures,closed,closed,0,closed,0,2,4,0,5,1,1,1,4,2,1,1,0,no,no,no,65.2777777777778
2020-04-28,CH,3,closed,closed,closed,2,yes,closed,closed,closed,open_with_measures,closed,closed,0,closed,0,2,4,0,5,1,1,1,4,2,1,1,0,no,no,no,65.2777777777778
2020-04-29,CH,3,closed,closed,closed,2,yes,closed,closed,closed,open_with_measures,closed,closed,0,closed,0,2,4,0,5,1,1,1,4,2,1,1,0,no,no,no,65.2777777777778
2020-04-30,CH,3,closed,closed,closed,2,yes,closed,closed,closed,open_with_measures,closed,closed,0,closed,0,2,4,0,5,1,1,1,4,2,1,1,0,no,no,no,65.2777777777778
2020-05-01,CH,3,closed,closed,closed,2,yes,closed,closed,closed,open_with_measures,closed,closed,0,closed,0,2,4,0,5,1,1,1,4,2,1,1,0,no,no,no,65.2777777777778
2020-05-02,CH,3,closed,closed,closed,2,yes,closed,closed,closed,open_with_measures,closed,closed,0,closed,0,2,4,0,5,1,1,1,4,2,1,1,0,no,no,no,65.2777777777778
2020-05-03,CH,3,closed,closed,closed,2,yes,closed,closed,closed,open_with_measures,closed,closed,0,closed,0,2,4,0,5,1,1,1,4,2,1,1,0,no,no,no,65.2777777777778
2020-05-04,CH,3,closed,closed,closed,2,yes,closed,closed,closed,open_with_measures,closed,closed,0,closed,0,2,4,0,5,1,1,1,4,2,1,1,0,no,no,no,65.2777777777778
2020-05-05,CH,3,closed,closed,closed,2,yes,closed,closed,closed,open_with_measures,closed,closed,0,closed,0,2,4,0,5,1,1,1,4,2,1,1,0,no,no,no,65.2777777777778
2020-05-06,CH,3,closed,closed,closed,2,yes,closed,closed,closed,open_with_measures,closed,closed,0,closed,0,2,4,0,5,1,1,1,4,2,1,1,0,no,no,no,65.2777777777778
2020-05-07,CH,3,closed,closed,closed,2,yes,closed,closed,closed,open_with_measures,closed,closed,0,closed,0,2,4,0,5,1,1,1,4,2,1,1,0,no,no,no,65.2777777777778
2020-05-08,CH,3,closed,closed,closed,2,yes,closed,closed,closed,open_with_measures,closed,closed,0,closed,0,2,4,0,5,1,1,1,4,2,1,1,0,no,no,no,65.2777777777778
2020-05-09,CH,3,closed,closed,closed,2,yes,closed,closed,closed,open_with_measures,closed,closed,0,closed,0,2,4,0,5,1,1,1,4,2,1,1,0,no,no,no,65.2777777777778
2020-05-10,CH,3,closed,closed,closed,2,yes,closed,closed,closed,open_with_measures,closed,closed,0,closed,0,2,4,0,5,1,1,1,4,2,1,1,0,no,no,no,65.2777777777778
2020-05-11,CH,2,open_with_measures,closed,closed,2,yes,closed,open_with_measures,open_with_measures,open_with_measures,closed,open_with_measures,4,closed,0,2,4,0,5,1,1,1,4,2,2,2,0,no,no,no,69.4444444444444
2020-05-12,CH,2,open_with_measures,closed,closed,2,yes,closed,open_with_measures,open_with_measures,open_with_measures,closed,open_with_measures,4,closed,0,2,4,0,5,1,1,1,4,2,2,2,0,no,no,no,69.4444444444444
2020-05-13,CH,2,open_with_measures,closed,closed,2,yes,closed,open_with_measures,open_with_measures,open_with_measures,closed,open_with_measures,4,closed,0,2,4,0,5,1,1,1,4,2,2,2,0,no,no,no,69.4444444444444
2020-05-14,CH,2,open_with_measures,closed,closed,2,yes,closed,open_with_measures,open_with_measures,open_with_measures,closed,open_with_measures,4,closed,0,2,4,0,5,1,1,1,4,2,2,2,0,no,no,no,69.4444444444444
2020-05-15,CH,2,open_with_measures,closed,closed,2,yes,closed,open_with_measures,open_with_measures,open_with_measures,closed,open_with_measures,4,closed,0,2,4,0,5,1,1,1,4,2,2,2,0,no,no,no,69.4444444444444
2020-05-16,CH,2,open_with_measures,closed,closed,2,yes,closed,open_with_measures,open_with_measures,open_with_measures,closed,open_with_measures,4,closed,0,2,4,0,5,1,1,1,4,2,2,2,0,no,no,no,69.4444444444444
2020-05-17,CH,2,open_with_measures,closed,closed,2,yes,closed,open_with_measures,open_with_measures,open_with_measures,closed,open_with_measures,4,closed,0,2,4,0,5,1,1,1,4,2,2,2,0,no,no,no,69.4444444444444
2020-05-18,CH,2,open_with_measures,closed,closed,2,yes,closed,open_with_measures,open_with_measures,open_with_measures,closed,open_with_measures,4,closed,0,2,4,0,5,1,1,1,4,2,2,2,0,no,no,no,69.4444444444444
2020-05-19,CH,2,open_with_measures,closed,closed,2,yes,closed,open_with_measures,open_with_measures,open_with_measures,closed,open_with_measures,4,closed,0,2,4,0,5,1,1,1,4,2,2,2,0,no,no,no,69.4444444444444
2020-05-20,CH,2,open_with_measures,closed,closed,2,yes,closed,open_with_measures,open_with_measures,open_with_measures,closed,open_with_measures,4,closed,0,2,4,0,5,1,1,1,4,2,2,2,0,no,no,no,69.4444444444444
2020-05-21,CH,2,open_with_measures,closed,closed,2,yes,closed,open_with_measures,open_with_measures,open_with_measures,closed,open_with_measures,4,closed,0,2,4,0,5,1,1,1,4,2,2,2,0,no,no,no,69.4444444444444
2020-05-22,CH,2,open_with_measures,closed,closed,2,yes,closed,open_with_measures,open_with_measures,open_with_measures,closed,open_with_measures,4,closed,0,2,4,0,5,1,1,1,4,2,2,2,0,no,no,no,69.4444444444444
2020-05-23,CH,2,open_with_measures,closed,closed,2,yes,closed,open_with_measures,open_with_measures,open_with_measures,closed,open_with_measures,4,closed,0,2,4,0,5,1,1,1,4,2,2,2,0,no,no,no,69.4444444444444
2020-05-24,CH,2,open_with_measures,closed,closed,2,yes,closed,open_with_measures,open_with_measures,open_with_measures,closed,open_with_measures,4,closed,0,2,4,0,5,1,1,1,4,2,2,2,0,no,no,no,69.4444444444444
2020-05-25,CH,2,open_with_measures,closed,closed,2,yes,closed,open_with_measures,open_with_measures,open_with_measures,closed,open_with_measures,4,closed,0,2,4,0,5,1,1,1,4,2,2,2,0,no,no,no,69.4444444444444
2020-05-26,CH,2,open_with_measures,closed,closed,2,yes,closed,open_with_measures,open_with_measures,open_with_measures,closed,open_with_measures,4,closed,0,2,4,0,5,1,1,1,4,2,2,2,0,no,no,no,69.4444444444444
2020-05-27,CH,2,open_with_measures,closed,closed,2,yes,closed,open_with_measures,open_with_measures,open_with_measures,closed,open_with_measures,4,closed,0,2,4,0,5,1,1,1,4,2,2,2,0,no,no,no,69.4444444444444
2020-05-28,CH,2,open_with_measures,closed,closed,2,yes,closed,open_with_measures,open_with_measures,open_with_measures,open_with_measures,open_with_measures,4,closed,0,2,4,0,5,1,1,1,4,2,2,2,0,no,no,no,69.4444444444444
2020-05-29,CH,2,open_with_measures,closed,closed,2,yes,closed,open_with_measures,open_with_measures,open_with_measures,open_with_measures,open_with_measures,4,closed,0,2,4,0,5,1,1,1,4,2,2,2,0,no,no,no,69.4444444444444
2020-05-30,CH,2,open_with_measures,closed,closed,2,yes,closed,open_with_measures,open_with_measures,open_with_measures,open_with_measures,open_with_measures,4,closed,0,2,3,0,30,1,1,1,4,2,2,2,0,no,no,no,67.3611111111111
2020-05-31,CH,2,open_with_measures,closed,closed,2,yes,closed,open_with_measures,open_with_measures,open_with_measures,open_with_measures,open_with_measures,4,closed,0,2,3,0,30,1,1,1,4,2,2,2,0,no,no,no,67.3611111111111
2020-06-01,CH,2,open_with_measures,closed,closed,2,yes,closed,open_with_measures,open_with_measures,open_with_measures,open_with_measures,open_with_measures,4,closed,0,2,3,0,30,1,1,1,4,2,2,2,0,no,no,no,67.3611111111111
2020-06-02,CH,2,open_with_measures,closed,closed,2,yes,closed,open_with_measures,open_with_measures,open_with_measures,open_with_measures,open_with_measures,4,closed,0,2,3,0,30,1,1,1,4,2,2,2,0,no,no,no,67.3611111111111
2020-06-03,CH,2,open_with_measures,closed,closed,2,yes,closed,open_with_measures,open_with_measures,open_with_measures,open_with_measures,open_with_measures,4,closed,0,2,3,0,30,1,1,1,4,2,2,2,0,no,no,no,67.3611111111111
2020-06-04,CH,2,open_with_measures,closed,closed,2,yes,closed,open_with_measures,open_with_measures,open_with_measures,open_with_measures,open_with_measures,4,closed,0,2,3,0,30,1,1,1,4,2,2,2,0,no,no,no,67.3611111111111
2020-06-05,CH,2,open_with_measures,closed,closed,2,yes,closed,open_with_measures,open_with_measures,open_with_measures,open_with_measures,open_with_measures,4,closed,0,2,3,0,30,1,1,1,4,2,2,2,0,no,no,no,67.3611111111111
2020-06-06,CH,1,open_with_measures,open_with_measures,open_with_measures,1,yes,open_with_measures,open_with_measures,open_with_measures,open_with_measures,open_with_measures,open_with_measures,,open_with_measures,300,2,3,300,30,1,1,0,4,2,2,2,0,no,no,no,57.6388888888889
2020-06-07,CH,1,open_with_measures,open_with_measures,open_with_measures,1,yes,open_with_measures,open_with_measures,open_with_measures,open_with_measures,open_with_measures,open_with_measures,,open_with_measures,300,2,3,300,30,1,1,0,4,2,2,2,0,no,no,no,57.6388888888889
2020-06-08,CH,1,open_with_measures,open_with_measures,open_with_measures,1,yes,open_with_measures,open_with_measures,open_with_measures,open_with_measures,open_with_measures,open_with_measures,,open_with_measures,300,2,3,300,30,1,1,0,4,2,2,2,0,no,no,no,57.6388888888889
2020-06-09,CH,1,open_with_measures,open_with_measures,open_with_measures,1,yes,open_with_measures,open_with_measures,open_with_measures,open_with_measures,open_with_measures,open_with_measures,,open_with_measures,300,2,3,300,30,0,1,0,4,2,2,2,0,no,no,no,53.4722222222222
2020-06-10,CH,1,open_with_measures,open_with_measures,open_with_measures,1,yes,open_with_measures,open_with_measures,open_with_measures,open_with_measures,open_with_measures,open_with_measures,,open_with_measures,300,2,3,300,30,0,1,0,4,2,2,2,0,no,no,no,53.4722222222222
2020-06-11,CH,1,open_with_measures,open_with_measures,open_with_measures,1,yes,open_with_measures,open_with_measures,open_with_measures,open_with_measures,open_with_measures,open_with_measures,,open_with_measures,300,2,3,300,30,0,1,0,4,2,3,2,0,no,no,no,56.25
2020-06-12,CH,1,open_with_measures,open_with_measures,open_with_measures,1,yes,open_with_measures,open_with_measures,open_with_measures,open_with_measures,open_with_measures,open_with_measures,,open_with_measures,300,2,3,300,30,0,1,0,4,2,3,2,0,no,no,no,56.25
2020-06-13,CH,1,open_with_measures,open_with_measures,open_with_measures,1,yes,open_with_measures,open_with_measures,open_with_measures,open_with_measures,open_with_measures,open_with_measures,,open_with_measures,300,2,3,300,30,0,1,0,4,2,3,2,0,no,no,no,56.25
2020-06-14,CH,1,open_with_measures,open_with_measures,open_with_measures,1,yes,open_with_measures,open_with_measures,open_with_measures,open_with_measures,open_with_measures,open_with_measures,,open_with_measures,300,2,3,300,30,0,1,0,4,2,3,2,0,no,no,no,56.25
2020-06-15,CH,1,open_with_measures,open_with_measures,open_with_measures,1,yes,open_with_measures,open_with_measures,open_with_measures,open_with_measures,open_with_measures,open_with_measures,,open_with_measures,300,2,3,300,30,0,1,0,3,2,3,2,0,no,no,no,54.1666666666667
2020-06-16,CH,1,open_with_measures,open_with_measures,open_with_measures,1,yes,open_with_measures,open_with_measures,open_with_measures,open_with_measures,open_with_measures,open_with_measures,,open_with_measures,300,2,3,300,30,0,1,0,3,2,3,2,0,no,no,no,54.1666666666667
2020-06-17,CH,1,open_with_measures,open_with_measures,open_with_measures,1,yes,open_with_measures,open_with_measures,open_with_measures,open_with_measures,open_with_measures,open_with_measures,,open_with_measures,300,2,3,300,30,0,1,0,3,2,3,2,0,no,no,no,54.1666666666667
2020-06-18,CH,1,open_with_measures,open_with_measures,open_with_measures,1,yes,open_with_measures,open_with_measures,open_with_measures,open_with_measures,open_with_measures,open_with_measures,,open_with_measures,300,2,3,300,30,0,1,0,3,2,3,2,0,no,no,no,54.1666666666667
2020-06-19,CH,1,open_with_measures,open_with_measures,open_with_measures,1,yes,open_with_measures,open_with_measures,open_with_measures,open_with_measures,open_with_measures,open_with_measures,,open_with_measures,300,2,3,300,30,0,1,0,3,2,3,2,0,no,no,no,54.1666666666667
2020-06-20,CH,1,open_with_measures,open_with_measures,open_with_measures,1,yes,open_with_measures,open_with_measures,open_with_measures,open_with_measures,open_with_measures,open_with_measures,,open_with_measures,300,2,3,300,30,0,0,0,3,2,3,2,0,no,no,no,51.3888888888889
2020-06-21,CH,1,open_with_measures,open_with_measures,open_with_measures,1,yes,open_with_measures,open_with_measures,open_with_measures,open_with_measures,open_with_measures,open_with_measures,,open_with_measures,300,2,3,300,30,0,0,0,3,2,3,2,0,no,no,no,51.3888888888889
2020-06-22,CH,1,open_with_measures,open_with_measures,open_with_measures,0,no,open_with_measures,open_with_measures,open_with_measures,open_with_measures,open_with_measures,open_with_measures,,open_with_measures,300,2,1,1000,,0,0,0,3,2,3,2,0,no,no,no,44.4444444444444
2020-06-23,CH,1,open_with_measures,open_with_measures,open_with_measures,0,no,open_with_measures,open_with_measures,open_with_measures,open_with_measures,open_with_measures,open_with_measures,,open_with_measures,300,2,1,1000,,0,0,0,3,2,3,2,0,no,no,no,44.4444444444444
2020-06-24,CH,1,open_with_measures,open_with_measures,open_with_measures,0,no,open_with_measures,open_with_measures,open_with_measures,open_with_measures,open_with_measures,open_with_measures,,open_with_measures,300,2,1,1000,,0,0,0,3,2,3,2,0,no,no,no,44.4444444444444
2020-06-25,CH,1,open_with_measures,open_with_measures,open_with_measures,0,no,open_with_measures,open_with_measures,open_with_measures,open_with_measures,open_with_measures,open_with_measures,,open_with_measures,300,2,1,1000,,0,0,0,3,2,3,2,0,no,no,no,44.4444444444444
2020-06-26,CH,1,open_with_measures,open_with_measures,open_with_measures,0,no,open_with_measures,open_with_measures,open_with_measures,open_with_measures,open_with_measures,open_with_measures,,open_with_measures,300,2,1,1000,,0,0,0,3,2,3,2,0,no,no,no,44.4444444444444
2020-06-27,CH,1,open_with_measures,open_with_measures,open_with_measures,0,no,open_with_measures,open_with_measures,open_with_measures,open_with_measures,open_with_measures,open_with_measures,,open_with_measures,300,2,1,1000,,0,0,0,3,2,3,2,0,no,no,no,44.4444444444444
2020-06-28,CH,1,open_with_measures,open_with_measures,open_with_measures,0,no,open_with_measures,open_with_measures,open_with_measures,open_with_measures,open_with_measures,open_with_measures,,open_with_measures,300,2,1,1000,,0,0,0,3,2,3,2,0,no,no,no,44.4444444444444
2020-06-29,CH,1,open_with_measures,open_with_measures,open_with_measures,0,no,open_with_measures,open_with_measures,open_with_measures,open_with_measures,open_with_measures,open_with_measures,,open_with_measures,300,2,1,1000,,0,0,0,3,2,3,2,0,no,no,no,44.4444444444444
2020-06-30,CH,1,open_with_measures,open_with_measures,open_with_measures,0,no,open_with_measures,open_with_measures,open_with_measures,open_with_measures,open_with_measures,open_with_measures,,open_with_measures,300,2,1,1000,,0,0,0,3,2,3,2,0,no,no,no,44.4444444444444
2020-07-01,CH,1,open_with_measures,open_with_measures,open_with_measures,0,no,open_with_measures,open_with_measures,open_with_measures,open_with_measures,open_with_measures,open_with_measures,,open_with_measures,300,2,1,1000,,0,0,0,3,2,3,2,0,no,no,no,44.4444444444444
2020-07-02,CH,1,open_with_measures,open_with_measures,open_with_measures,0,no,open_with_measures,open_with_measures,open_with_measures,open_with_measures,open_with_measures,open_with_measures,,open_with_measures,300,2,1,1000,,0,0,0,3,2,3,2,0,no,no,no,44.4444444444444
2020-07-03,CH,1,open_with_measures,open_with_measures,open_with_measures,0,no,open_with_measures,open_with_measures,open_with_measures,open_with_measures,open_with_measures,open_with_measures,,open_with_measures,300,2,1,1000,,0,0,0,3,2,3,2,0,no,no,no,44.4444444444444
2020-07-04,CH,1,open_with_measures,open_with_measures,open_with_measures,0,no,open_with_measures,open_with_measures,open_with_measures,open_with_measures,open_with_measures,open_with_measures,,open_with_measures,300,2,1,1000,,0,0,0,3,2,3,2,0,no,no,no,44.4444444444444
2020-07-05,CH,1,open_with_measures,open_with_measures,open_with_measures,0,no,open_with_measures,open_with_measures,open_with_measures,open_with_measures,open_with_measures,open_with_measures,,open_with_measures,300,2,1,1000,,0,0,0,3,2,3,2,0,no,no,no,44.4444444444444
2020-07-06,CH,1,open_with_measures,open_with_measures,open_with_measures,0,no,open_with_measures,open_with_measures,open_with_measures,open_with_measures,open_with_measures,open_with_measures,,open_with_measures,300,2,1,1000,,0,0,0,3,2,3,2,0,no,no,no,44.4444444444444
2020-07-07,CH,1,open_with_measures,open_with_measures,open_with_measures,0,no,open_with_measures,open_with_measures,open_with_measures,open_with_measures,open_with_measures,open_with_measures,,open_with_measures,300,2,1,1000,,0,0,0,3,2,3,2,2,no,no,no,48.6111111111111
2020-07-08,CH,1,open_with_measures,open_with_measures,open_with_measures,0,no,open_with_measures,open_with_measures,open_with_measures,open_with_measures,open_with_measures,open_with_measures,,open_with_measures,300,2,1,1000,,0,0,0,3,2,3,2,2,no,no,no,48.6111111111111
2020-07-09,CH,1,open_with_measures,open_with_measures,open_with_measures,0,no,open_with_measures,open_with_measures,open_with_measures,open_with_measures,open_with_measures,open_with_measures,,open_with_measures,300,2,1,1000,,0,0,0,3,2,3,2,2,no,no,no,48.6111111111111
2020-07-10,CH,1,open_with_measures,open_with_measures,open_with_measures,0,no,open_with_measures,open_with_measures,open_with_measures,open_with_measures,open_with_measures,open_with_measures,,open_with_measures,300,2,1,1000,,0,0,0,3,2,3,2,2,no,no,no,48.6111111111111
2020-07-11,CH,1,open_with_measures,open_with_measures,open_with_measures,0,no,open_with_measures,open_with_measures,open_with_measures,open_with_measures,open_with_measures,open_with_measures,,open_with_measures,300,2,1,1000,,0,0,0,3,2,3,2,2,no,no,no,48.6111111111111
2020-07-12,CH,1,open_with_measures,open_with_measures,open_with_measures,0,no,open_with_measures,open_with_measures,open_with_measures,open_with_measures,open_with_measures,open_with_measures,,open_with_measures,300,2,1,1000,,0,0,0,3,2,3,2,2,no,no,no,48.6111111111111
2020-07-13,CH,1,open_with_measures,open_with_measures,open_with_measures,0,no,open_with_measures,open_with_measures,open_with_measures,open_with_measures,open_with_measures,open_with_measures,,open_with_measures,300,2,1,1000,,0,0,0,3,2,3,2,2,no,no,no,48.6111111111111
2020-07-14,CH,1,open_with_measures,open_with_measures,open_with_measures,0,no,open_with_measures,open_with_measures,open_with_measures,open_with_measures,open_with_measures,open_with_measures,,open_with_measures,300,2,1,1000,,0,0,0,3,2,3,2,2,no,no,no,48.6111111111111
2020-07-15,CH,1,open_with_measures,open_with_measures,open_with_measures,0,no,open_with_measures,open_with_measures,open_with_measures,open_with_measures,open_with_measures,open_with_measures,,open_with_measures,300,2,1,1000,,0,0,0,3,2,3,2,2,no,no,no,48.6111111111111
2020-07-16,CH,1,open_with_measures,open_with_measures,open_with_measures,0,no,open_with_measures,open_with_measures,open_with_measures,open_with_measures,open_with_measures,open_with_measures,,open_with_measures,300,2,1,1000,,0,0,0,3,2,3,2,2,no,no,no,48.6111111111111
2020-07-17,CH,1,open_with_measures,open_with_measures,open_with_measures,0,no,open_with_measures,open_with_measures,open_with_measures,open_with_measures,open_with_measures,open_with_measures,,open_with_measures,300,2,1,1000,,0,0,0,3,2,3,2,2,no,no,no,48.6111111111111
2020-07-18,CH,1,open_with_measures,open_with_measures,open_with_measures,0,no,open_with_measures,open_with_measures,open_with_measures,open_with_measures,open_with_measures,open_with_measures,,open_with_measures,300,2,1,1000,,0,0,0,3,2,3,2,2,no,no,no,48.6111111111111
2020-07-19,CH,1,open_with_measures,open_with_measures,open_with_measures,0,no,open_with_measures,open_with_measures,open_with_measures,open_with_measures,open_with_measures,open_with_measures,,open_with_measures,300,2,1,1000,,0,0,0,3,2,3,2,2,no,no,no,48.6111111111111
2020-07-20,CH,1,open_with_measures,open_with_measures,open_with_measures,0,no,open_with_measures,open_with_measures,open_with_measures,open_with_measures,open_with_measures,open_with_measures,,open_with_measures,300,2,1,1000,,0,0,0,2,2,3,2,2,no,no,no,46.5277777777778
2020-07-21,CH,1,open_with_measures,open_with_measures,open_with_measures,0,no,open_with_measures,open_with_measures,open_with_measures,open_with_measures,open_with_measures,open_with_measures,,open_with_measures,300,2,1,1000,,0,0,0,2,2,3,2,2,no,no,no,46.5277777777778
2020-07-22,CH,1,open_with_measures,open_with_measures,open_with_measures,0,no,open_with_measures,open_with_measures,open_with_measures,open_with_measures,open_with_measures,open_with_measures,,open_with_measures,300,2,1,1000,,0,0,0,2,2,3,2,2,no,no,no,46.5277777777778
2020-07-23,CH,1,open_with_measures,open_with_measures,open_with_measures,0,no,open_with_measures,open_with_measures,open_with_measures,open_with_measures,open_with_measures,open_with_measures,,open_with_measures,300,2,1,1000,,0,0,0,2,2,3,2,2,no,no,no,46.5277777777778
2020-07-24,CH,1,open_with_measures,open_with_measures,open_with_measures,0,no,open_with_measures,open_with_measures,open_with_measures,open_with_measures,open_with_measures,open_with_measures,,open_with_measures,300,2,1,1000,,0,0,0,2,2,3,2,2,no,no,no,46.5277777777778
2020-07-25,CH,1,open_with_measures,open_with_measures,open_with_measures,0,no,open_with_measures,open_with_measures,open_with_measures,open_with_measures,open_with_measures,open_with_measures,,open_with_measures,300,2,1,1000,,0,0,0,2,2,3,2,2,no,no,no,46.5277777777778
2020-07-26,CH,1,open_with_measures,open_with_measures,open_with_measures,0,no,open_with_measures,open_with_measures,open_with_measures,open_with_measures,open_with_measures,open_with_measures,,open_with_measures,300,2,1,1000,,0,0,0,2,2,3,2,2,no,no,no,46.5277777777778
2020-07-27,CH,1,open_with_measures,open_with_measures,open_with_measures,0,no,open_with_measures,open_with_measures,open_with_measures,open_with_measures,open_with_measures,open_with_measures,,open_with_measures,300,2,1,1000,,0,0,0,2,2,3,2,2,no,no,no,46.5277777777778
2020-07-28,CH,1,open_with_measures,open_with_measures,open_with_measures,0,no,open_with_measures,open_with_measures,open_with_measures,open_with_measures,open_with_measures,open_with_measures,,open_with_measures,300,2,1,1000,,0,0,0,2,2,3,2,2,no,no,no,46.5277777777778
2020-07-29,CH,1,open_with_measures,open_with_measures,open_with_measures,0,no,open_with_measures,open_with_measures,open_with_measures,open_with_measures,open_with_measures,open_with_measures,,open_with_measures,300,2,1,1000,,0,0,0,2,2,3,2,2,no,no,no,46.5277777777778
2020-07-30,CH,1,open_with_measures,open_with_measures,open_with_measures,0,no,open_with_measures,open_with_measures,open_with_measures,open_with_measures,open_with_measures,open_with_measures,,open_with_measures,300,2,1,1000,,0,0,0,2,2,3,2,2,no,no,no,46.5277777777778
2020-07-31,CH,1,open_with_measures,open_with_measures,open_with_measures,0,no,open_with_measures,open_with_measures,open_with_measures,open_with_measures,open_with_measures,open_with_measures,,open_with_measures,300,2,1,1000,,0,0,0,2,2,3,2,2,no,no,no,46.5277777777778
2020-08-01,CH,1,open_with_measures,open_with_measures,open_with_measures,0,no,open_with_measures,open_with_measures,open_with_measures,open_with_measures,open_with_measures,open_with_measures,,open_with_measures,300,2,1,1000,,0,0,0,2,2,3,2,2,no,no,no,46.5277777777778
2020-08-02,CH,1,open_with_measures,open_with_measures,open_with_measures,0,no,open_with_measures,open_with_measures,open_with_measures,open_with_measures,open_with_measures,open_with_measures,,open_with_measures,300,2,1,1000,,0,0,0,2,2,3,2,2,no,no,no,46.5277777777778
2020-08-03,CH,1,open_with_measures,open_with_measures,open_with_measures,0,no,open_with_measures,open_with_measures,open_with_measures,open_with_measures,open_with_measures,open_with_measures,,open_with_measures,300,2,1,1000,,0,0,0,2,2,3,2,2,no,no,no,46.5277777777778
2020-08-04,CH,1,open_with_measures,open_with_measures,open_with_measures,0,no,open_with_measures,open_with_measures,open_with_measures,open_with_measures,open_with_measures,open_with_measures,,open_with_measures,300,2,1,1000,,0,0,0,2,2,3,2,2,no,no,no,46.5277777777778
2020-08-05,CH,1,open_with_measures,open_with_measures,open_with_measures,0,no,open_with_measures,open_with_measures,open_with_measures,open_with_measures,open_with_measures,open_with_measures,,open_with_measures,300,2,1,1000,,0,0,0,2,2,3,2,2,no,no,no,46.5277777777778
2020-08-06,CH,1,open_with_measures,open_with_measures,open_with_measures,0,no,open_with_measures,open_with_measures,open_with_measures,open_with_measures,open_with_measures,open_with_measures,,open_with_measures,300,2,1,1000,,0,0,0,2,2,3,2,2,no,no,no,46.5277777777778
2020-08-07,CH,1,open_with_measures,open_with_measures,open_with_measures,0,no,open_with_measures,open_with_measures,open_with_measures,open_with_measures,open_with_measures,open_with_measures,,open_with_measures,300,2,1,1000,,0,0,0,2,2,3,2,2,no,no,no,46.5277777777778
2020-08-08,CH,1,open_with_measures,open_with_measures,open_with_measures,0,no,open_with_measures,open_with_measures,open_with_measures,open_with_measures,open_with_measures,open_with_measures,,open_with_measures,300,2,1,1000,,0,0,0,2,2,3,2,2,no,no,no,46.5277777777778
2020-08-09,CH,1,open_with_measures,open_with_measures,open_with_measures,0,no,open_with_measures,open_with_measures,open_with_measures,open_with_measures,open_with_measures,open_with_measures,,open_with_measures,300,2,1,1000,,0,0,0,2,2,3,2,2,no,no,no,46.5277777777778
2020-08-10,CH,1,open_with_measures,open_with_measures,open_with_measures,0,no,open_with_measures,open_with_measures,open_with_measures,open_with_measures,open_with_measures,open_with_measures,,open_with_measures,300,2,1,1000,,0,0,0,2,2,3,2,2,no,no,no,46.5277777777778
2020-08-11,CH,1,open_with_measures,open_with_measures,open_with_measures,0,no,open_with_measures,open_with_measures,open_with_measures,open_with_measures,open_with_measures,open_with_measures,,open_with_measures,300,2,1,1000,,0,0,0,2,2,3,2,2,no,no,no,46.5277777777778
2020-08-12,CH,1,open_with_measures,open_with_measures,open_with_measures,0,no,open_with_measures,open_with_measures,open_with_measures,open_with_measures,open_with_measures,open_with_measures,,open_with_measures,300,2,1,1000,,0,0,0,2,2,3,2,2,no,no,no,46.5277777777778
2020-08-13,CH,1,open_with_measures,open_with_measures,open_with_measures,0,no,open_with_measures,open_with_measures,open_with_measures,open_with_measures,open_with_measures,open_with_measures,,open_with_measures,300,2,1,1000,,0,0,0,2,2,3,2,2,no,no,no,46.5277777777778
2020-08-14,CH,1,open_with_measures,open_with_measures,open_with_measures,0,no,open_with_measures,open_with_measures,open_with_measures,open_with_measures,open_with_measures,open_with_measures,,open_with_measures,300,2,1,1000,,0,0,0,2,2,3,2,2,no,no,no,46.5277777777778
2020-08-15,CH,1,open_with_measures,open_with_measures,open_with_measures,0,no,open_with_measures,open_with_measures,open_with_measures,open_with_measures,open_with_measures,open_with_measures,,open_with_measures,300,2,1,1000,,0,0,0,2,2,3,2,2,no,no,no,46.5277777777778
2020-08-16,CH,1,open_with_measures,open_with_measures,open_with_measures,0,no,open_with_measures,open_with_measures,open_with_measures,open_with_measures,open_with_measures,open_with_measures,,open_with_measures,300,2,1,1000,,0,0,0,2,2,3,2,2,no,no,no,46.5277777777778
2020-08-17,CH,1,open_with_measures,open_with_measures,open_with_measures,0,no,open_with_measures,open_with_measures,open_with_measures,open_with_measures,open_with_measures,open_with_measures,,open_with_measures,300,2,1,1000,,0,0,0,2,2,3,2,2,no,no,no,46.5277777777778
2020-08-18,CH,1,open_with_measures,open_with_measures,open_with_measures,0,no,open_with_measures,open_with_measures,open_with_measures,open_with_measures,open_with_measures,open_with_measures,,open_with_measures,300,2,1,1000,,0,0,0,2,2,3,2,2,no,no,no,46.5277777777778
2020-08-19,CH,1,open_with_measures,open_with_measures,open_with_measures,0,no,open_with_measures,open_with_measures,open_with_measures,open_with_measures,open_with_measures,open_with_measures,,open_with_measures,300,2,1,1000,,0,0,0,2,2,3,2,2,no,no,no,46.5277777777778
2020-08-20,CH,1,open_with_measures,open_with_measures,open_with_measures,0,no,open_with_measures,open_with_measures,open_with_measures,open_with_measures,open_with_measures,open_with_measures,,open_with_measures,300,2,1,1000,,0,0,0,2,2,3,2,2,no,no,no,46.5277777777778
2020-08-21,CH,1,open_with_measures,open_with_measures,open_with_measures,0,no,open_with_measures,open_with_measures,open_with_measures,open_with_measures,open_with_measures,open_with_measures,,open_with_measures,300,2,1,1000,,0,0,0,2,2,3,2,2,no,no,no,46.5277777777778
2020-08-22,CH,1,open_with_measures,open_with_measures,open_with_measures,0,no,open_with_measures,open_with_measures,open_with_measures,open_with_measures,open_with_measures,open_with_measures,,open_with_measures,300,2,1,1000,,0,0,0,2,2,3,2,2,no,no,no,46.5277777777778
2020-08-23,CH,1,open_with_measures,open_with_measures,open_with_measures,0,no,open_with_measures,open_with_measures,open_with_measures,open_with_measures,open_with_measures,open_with_measures,,open_with_measures,300,2,1,1000,,0,0,0,2,2,3,2,2,no,no,no,46.5277777777778
2020-08-24,CH,1,open_with_measures,open_with_measures,open_with_measures,0,no,open_with_measures,open_with_measures,open_with_measures,open_with_measures,open_with_measures,open_with_measures,,open_with_measures,300,2,1,1000,,0,0,0,2,2,3,2,2,no,no,no,46.5277777777778
2020-08-25,CH,1,open_with_measures,open_with_measures,open_with_measures,0,no,open_with_measures,open_with_measures,open_with_measures,open_with_measures,open_with_measures,open_with_measures,,open_with_measures,300,2,1,1000,,0,0,0,2,2,3,2,2,no,no,no,46.5277777777778
2020-08-26,CH,1,open_with_measures,open_with_measures,open_with_measures,0,no,open_with_measures,open_with_measures,open_with_measures,open_with_measures,open_with_measures,open_with_measures,,open_with_measures,300,2,1,1000,,0,0,0,2,2,3,2,2,no,no,no,46.5277777777778
2020-08-27,CH,1,open_with_measures,open_with_measures,open_with_measures,0,no,open_with_measures,open_with_measures,open_with_measures,open_with_measures,open_with_measures,open_with_measures,,open_with_measures,300,2,1,1000,,0,0,0,2,2,3,2,2,no,no,no,46.5277777777778
2020-08-28,CH,1,open_with_measures,open_with_measures,open_with_measures,0,no,open_with_measures,open_with_measures,open_with_measures,open_with_measures,open_with_measures,open_with_measures,,open_with_measures,300,2,1,1000,,0,0,0,2,2,3,2,2,no,no,no,46.5277777777778
2020-08-29,CH,1,open_with_measures,open_with_measures,open_with_measures,0,no,open_with_measures,open_with_measures,open_with_measures,open_with_measures,open_with_measures,open_with_measures,,open_with_measures,300,2,1,1000,,0,0,0,2,2,3,2,2,no,no,no,46.5277777777778
2020-08-30,CH,1,open_with_measures,open_with_measures,open_with_measures,0,no,open_with_measures,open_with_measures,open_with_measures,open_with_measures,open_with_measures,open_with_measures,,open_with_measures,300,2,1,1000,,0,0,0,2,2,3,2,2,no,no,no,46.5277777777778
2020-08-31,CH,1,open_with_measures,open_with_measures,open_with_measures,0,no,open_with_measures,open_with_measures,open_with_measures,open_with_measures,open_with_measures,open_with_measures,,open_with_measures,300,2,1,1000,,0,0,0,2,2,3,2,2,no,no,no,46.5277777777778
2020-09-01,CH,1,open_with_measures,open_with_measures,open_with_measures,0,no,open_with_measures,open_with_measures,open_with_measures,open_with_measures,open_with_measures,open_with_measures,,open_with_measures,300,2,1,1000,,0,0,0,2,2,3,2,2,no,no,no,46.5277777777778
2020-09-02,CH,1,open_with_measures,open_with_measures,open_with_measures,0,no,open_with_measures,open_with_measures,open_with_measures,open_with_measures,open_with_measures,open_with_measures,,open_with_measures,300,2,1,1000,,0,0,0,2,2,3,2,2,no,no,no,46.5277777777778
2020-09-03,CH,1,open_with_measures,open_with_measures,open_with_measures,0,no,open_with_measures,open_with_measures,open_with_measures,open_with_measures,open_with_measures,open_with_measures,,open_with_measures,300,2,1,1000,,0,0,0,2,2,3,2,2,no,no,no,46.5277777777778
2020-09-04,CH,1,open_with_measures,open_with_measures,open_with_measures,0,no,open_with_measures,open_with_measures,open_with_measures,open_with_measures,open_with_measures,open_with_measures,,open_with_measures,300,2,1,1000,,0,0,0,2,2,3,2,2,no,no,no,46.5277777777778
2020-09-05,CH,1,open_with_measures,open_with_measures,open_with_measures,0,no,open_with_measures,open_with_measures,open_with_measures,open_with_measures,open_with_measures,open_with_measures,,open_with_measures,300,2,1,1000,,0,0,0,2,2,3,2,2,no,no,no,46.5277777777778
2020-09-06,CH,1,open_with_measures,open_with_measures,open_with_measures,0,no,open_with_measures,open_with_measures,open_with_measures,open_with_measures,open_with_measures,open_with_measures,,open_with_measures,300,2,1,1000,,0,0,0,2,2,3,2,2,no,no,no,46.5277777777778
2020-09-07,CH,1,open_with_measures,open_with_measures,open_with_measures,0,no,open_with_measures,open_with_measures,open_with_measures,open_with_measures,open_with_measures,open_with_measures,,open_with_measures,300,2,1,1000,,0,0,0,2,2,3,2,2,no,no,no,46.5277777777778
2020-09-08,CH,1,open_with_measures,open_with_measures,open_with_measures,0,no,open_with_measures,open_with_measures,open_with_measures,open_with_measures,open_with_measures,open_with_measures,,open_with_measures,300,2,1,1000,,0,0,0,2,2,3,2,2,no,no,no,46.5277777777778
2020-09-09,CH,1,open_with_measures,open_with_measures,open_with_measures,0,no,open_with_measures,open_with_measures,open_with_measures,open_with_measures,open_with_measures,open_with_measures,,open_with_measures,300,2,1,1000,,0,0,0,2,2,3,2,2,no,no,no,46.5277777777778
2020-09-10,CH,1,open_with_measures,open_with_measures,open_with_measures,0,no,open_with_measures,open_with_measures,open_with_measures,open_with_measures,open_with_measures,open_with_measures,,open_with_measures,300,2,1,1000,,0,0,0,2,2,3,2,2,no,no,no,46.5277777777778
2020-09-11,CH,1,open_with_measures,open_with_measures,open_with_measures,0,no,open_with_measures,open_with_measures,open_with_measures,open_with_measures,open_with_measures,open_with_measures,,open_with_measures,300,2,1,1000,,0,0,0,2,2,3,2,2,no,no,no,46.5277777777778
2020-09-12,CH,1,open_with_measures,open_with_measures,open_with_measures,0,no,open_with_measures,open_with_measures,open_with_measures,open_with_measures,open_with_measures,open_with_measures,,open_with_measures,300,2,1,1000,,0,0,0,2,2,3,2,2,no,no,no,46.5277777777778
2020-09-13,CH,1,open_with_measures,open_with_measures,open_with_measures,0,no,open_with_measures,open_with_measures,open_with_measures,open_with_measures,open_with_measures,open_with_measures,,open_with_measures,300,2,1,1000,,0,0,0,2,2,3,2,2,no,no,no,46.5277777777778
2020-09-14,CH,1,open_with_measures,open_with_measures,open_with_measures,0,no,open_with_measures,open_with_measures,open_with_measures,open_with_measures,open_with_measures,open_with_measures,,open_with_measures,300,2,1,1000,,0,0,0,2,2,3,2,2,no,no,no,46.5277777777778
2020-09-15,CH,1,open_with_measures,open_with_measures,open_with_measures,0,no,open_with_measures,open_with_measures,open_with_measures,open_with_measures,open_with_measures,open_with_measures,,open_with_measures,300,2,1,1000,,0,0,0,2,2,3,2,2,no,no,no,46.5277777777778
2020-09-16,CH,1,open_with_measures,open_with_measures,open_with_measures,0,no,open_with_measures,open_with_measures,open_with_measures,open_with_measures,open_with_measures,open_with_measures,,open_with_measures,300,2,1,1000,,0,0,0,2,2,3,2,2,no,no,no,46.5277777777778
2020-09-17,CH,1,open_with_measures,open_with_measures,open_with_measures,0,no,open_with_measures,open_with_measures,open_with_measures,open_with_measures,open_with_measures,open_with_measures,,open_with_measures,300,2,1,1000,,0,0,0,2,2,3,2,2,no,no,no,46.5277777777778
2020-09-18,CH,1,open_with_measures,open_with_measures,open_with_measures,0,no,open_with_measures,open_with_measures,open_with_measures,open_with_measures,open_with_measures,open_with_measures,,open_with_measures,300,2,1,1000,,0,0,0,2,2,2,2,2,no,no,no,43.75
2020-09-19,CH,1,open_with_measures,open_with_measures,open_with_measures,0,no,open_with_measures,open_with_measures,open_with_measures,open_with_measures,open_with_measures,open_with_measures,,open_with_measures,300,2,1,1000,,0,0,0,2,2,2,2,2,no,no,no,43.75
2020-09-20,CH,1,open_with_measures,open_with_measures,open_with_measures,0,no,open_with_measures,open_with_measures,open_with_measures,open_with_measures,open_with_measures,open_with_measures,,open_with_measures,300,2,1,1000,,0,0,0,2,2,2,2,2,no,no,no,43.75
2020-09-21,CH,1,open_with_measures,open_with_measures,open_with_measures,0,no,open_with_measures,open_with_measures,open_with_measures,open_with_measures,open_with_measures,open_with_measures,,open_with_measures,300,2,1,1000,,0,0,0,2,2,2,2,2,no,no,no,43.75
2020-09-22,CH,1,open_with_measures,open_with_measures,open_with_measures,0,no,open_with_measures,open_with_measures,open_with_measures,open_with_measures,open_with_measures,open_with_measures,,open_with_measures,300,2,1,1000,,0,0,0,2,2,2,2,2,no,no,no,43.75
2020-09-23,CH,1,open_with_measures,open_with_measures,open_with_measures,0,no,open_with_measures,open_with_measures,open_with_measures,open_with_measures,open_with_measures,open_with_measures,,open_with_measures,300,2,1,1000,,0,0,0,2,2,2,2,2,no,no,no,43.75
2020-09-24,CH,1,open_with_measures,open_with_measures,open_with_measures,0,no,open_with_measures,open_with_measures,open_with_measures,open_with_measures,open_with_measures,open_with_measures,,open_with_measures,300,2,1,1000,,0,0,0,2,2,2,2,2,no,no,no,43.75
2020-09-25,CH,1,open_with_measures,open_with_measures,open_with_measures,0,no,open_with_measures,open_with_measures,open_with_measures,open_with_measures,open_with_measures,open_with_measures,,open_with_measures,300,2,1,1000,,0,0,0,2,2,2,2,2,no,no,no,43.75
2020-09-26,CH,1,open_with_measures,open_with_measures,open_with_measures,0,no,open_with_measures,open_with_measures,open_with_measures,open_with_measures,open_with_measures,open_with_measures,,open_with_measures,300,2,1,1000,,0,0,0,2,2,2,2,2,no,no,no,43.75
2020-09-27,CH,1,open_with_measures,open_with_measures,open_with_measures,0,no,open_with_measures,open_with_measures,open_with_measures,open_with_measures,open_with_measures,open_with_measures,,open_with_measures,300,2,1,1000,,0,0,0,2,2,2,2,2,no,no,no,43.75
2020-09-28,CH,1,open_with_measures,open_with_measures,open_with_measures,0,no,open_with_measures,open_with_measures,open_with_measures,open_with_measures,open_with_measures,open_with_measures,,open_with_measures,300,2,1,1000,,0,0,0,2,2,2,2,2,no,no,no,43.75
2020-09-29,CH,1,open_with_measures,open_with_measures,open_with_measures,0,no,open_with_measures,open_with_measures,open_with_measures,open_with_measures,open_with_measures,open_with_measures,,open_with_measures,300,2,1,1000,,0,0,0,2,2,2,2,2,no,no,no,43.75
2020-09-30,CH,1,open_with_measures,open_with_measures,open_with_measures,0,no,open_with_measures,open_with_measures,open_with_measures,open_with_measures,open_with_measures,open_with_measures,,open_with_measures,300,2,1,1000,,0,0,0,2,2,2,2,2,no,no,no,43.75
2020-10-01,CH,1,open_with_measures,open_with_measures,open_with_measures,0,no,open_with_measures,open_with_measures,open_with_measures,open_with_measures,open_with_measures,open_with_measures,,open_with_measures,300,1,0,,,0,0,0,2,2,2,2,2,no,no,no,37.5
2020-10-02,CH,1,open_with_measures,open_with_measures,open_with_measures,0,no,open_with_measures,open_with_measures,open_with_measures,open_with_measures,open_with_measures,open_with_measures,,open_with_measures,300,1,0,,,0,0,0,2,2,2,2,2,no,no,no,37.5
2020-10-03,CH,1,open_with_measures,open_with_measures,open_with_measures,0,no,open_with_measures,open_with_measures,open_with_measures,open_with_measures,open_with_measures,open_with_measures,,open_with_measures,300,1,0,,,0,0,0,2,2,2,2,2,no,no,no,37.5
2020-10-04,CH,1,open_with_measures,open_with_measures,open_with_measures,0,no,open_with_measures,open_with_measures,open_with_measures,open_with_measures,open_with_measures,open_with_measures,,open_with_measures,300,1,0,,,0,0,0,2,2,2,2,2,no,no,no,37.5
2020-10-05,CH,1,open_with_measures,open_with_measures,open_with_measures,0,no,open_with_measures,open_with_measures,open_with_measures,open_with_measures,open_with_measures,open_with_measures,,open_with_measures,300,1,0,,,0,0,0,2,2,2,2,2,no,no,no,37.5
2020-10-06,CH,1,open_with_measures,open_with_measures,open_with_measures,0,no,open_with_measures,open_with_measures,open_with_measures,open_with_measures,open_with_measures,open_with_measures,,open_with_measures,300,1,0,,,0,0,0,2,2,2,2,2,no,no,no,37.5
2020-10-07,CH,1,open_with_measures,open_with_measures,open_with_measures,0,no,open_with_measures,open_with_measures,open_with_measures,open_with_measures,open_with_measures,open_with_measures,,open_with_measures,300,1,0,,,0,0,0,2,2,2,2,2,no,no,no,37.5
2020-10-08,CH,1,open_with_measures,open_with_measures,open_with_measures,0,no,open_with_measures,open_with_measures,open_with_measures,open_with_measures,open_with_measures,open_with_measures,,open_with_measures,300,1,0,,,0,0,0,2,2,2,2,2,no,no,no,37.5
2020-10-09,CH,1,open_with_measures,open_with_measures,open_with_measures,0,no,open_with_measures,open_with_measures,open_with_measures,open_with_measures,open_with_measures,open_with_measures,,open_with_measures,300,1,0,,,0,0,0,2,2,2,2,2,no,no,no,37.5
2020-10-10,CH,1,open_with_measures,open_with_measures,open_with_measures,0,no,open_with_measures,open_with_measures,open_with_measures,open_with_measures,open_with_measures,open_with_measures,,open_with_measures,300,1,0,,,0,0,0,2,2,2,2,2,no,no,no,37.5
2020-10-11,CH,1,open_with_measures,open_with_measures,open_with_measures,0,no,open_with_measures,open_with_measures,open_with_measures,open_with_measures,open_with_measures,open_with_measures,,open_with_measures,300,1,0,,,0,0,0,2,2,2,2,2,no,no,no,37.5
2020-10-12,CH,1,open_with_measures,open_with_measures,open_with_measures,0,no,open_with_measures,open_with_measures,open_with_measures,open_with_measures,open_with_measures,open_with_measures,,open_with_measures,300,1,0,,,0,0,0,2,2,2,2,2,no,no,no,37.5
2020-10-13,CH,1,open_with_measures,open_with_measures,open_with_measures,0,no,open_with_measures,open_with_measures,open_with_measures,open_with_measures,open_with_measures,open_with_measures,,open_with_measures,300,1,0,,,0,0,0,2,2,2,2,2,no,no,no,37.5
2020-10-14,CH,1,open_with_measures,open_with_measures,open_with_measures,0,no,open_with_measures,open_with_measures,open_with_measures,open_with_measures,open_with_measures,open_with_measures,,open_with_measures,300,1,0,,,0,0,0,2,2,2,2,2,no,no,no,37.5
2020-10-15,CH,1,open_with_measures,open_with_measures,open_with_measures,0,no,open_with_measures,open_with_measures,open_with_measures,open_with_measures,open_with_measures,open_with_measures,,open_with_measures,300,1,0,,,0,0,0,2,2,2,2,2,no,no,no,37.5
2020-10-16,CH,1,open_with_measures,open_with_measures,open_with_measures,0,no,open_with_measures,open_with_measures,open_with_measures,open_with_measures,open_with_measures,open_with_measures,,open_with_measures,300,1,0,,,0,0,0,2,2,2,2,2,no,no,no,37.5
2020-10-17,CH,1,open_with_measures,open_with_measures,open_with_measures,0,no,open_with_measures,open_with_measures,open_with_measures,open_with_measures,open_with_measures,open_with_measures,,open_with_measures,300,1,0,,,0,0,0,2,2,2,2,2,no,no,no,37.5
2020-10-18,CH,1,open_with_measures,open_with_measures,open_with_measures,0,no,open_with_measures,open_with_measures,open_with_measures,open_with_measures,open_with_measures,open_with_measures,,open_with_measures,300,1,0,,,0,0,0,2,2,2,2,2,no,no,no,37.5
2020-10-19,CH,1,open_with_measures,open_with_measures,open_with_measures,0,no,open_with_measures,open_with_measures,open_with_measures,open_with_measures,open_with_measures,open_with_measures,,open_with_measures,300,1,3,,15,0,0,0,2,2,2,1,3,yes,yes,no,41.6666666666667
2020-10-20,CH,1,open_with_measures,open_with_measures,open_with_measures,0,no,open_with_measures,open_with_measures,open_with_measures,open_with_measures,open_with_measures,open_with_measures,,open_with_measures,300,1,3,,15,0,0,0,2,2,2,1,3,yes,yes,no,41.6666666666667
2020-10-21,CH,1,open_with_measures,open_with_measures,open_with_measures,0,no,open_with_measures,open_with_measures,open_with_measures,open_with_measures,open_with_measures,open_with_measures,,open_with_measures,300,1,3,,15,0,0,0,2,2,2,1,3,yes,yes,no,41.6666666666667
2020-10-22,CH,1,open_with_measures,open_with_measures,open_with_measures,0,no,open_with_measures,open_with_measures,open_with_measures,open_with_measures,open_with_measures,open_with_measures,,open_with_measures,300,1,3,,15,0,0,0,2,2,2,1,3,yes,yes,no,41.6666666666667
2020-10-23,CH,1,open_with_measures,open_with_measures,open_with_measures,0,no,open_with_measures,open_with_measures,open_with_measures,open_with_measures,open_with_measures,open_with_measures,,open_with_measures,300,1,3,,15,0,0,0,2,2,2,1,3,yes,yes,no,41.6666666666667
2020-10-24,CH,1,open_with_measures,open_with_measures,open_with_measures,0,no,open_with_measures,open_with_measures,open_with_measures,open_with_measures,open_with_measures,open_with_measures,,open_with_measures,300,1,3,,15,0,0,0,2,2,2,1,3,yes,yes,no,41.6666666666667
2020-10-25,CH,1,open_with_measures,open_with_measures,open_with_measures,0,no,open_with_measures,open_with_measures,open_with_measures,open_with_measures,open_with_measures,open_with_measures,,open_with_measures,300,1,3,,15,0,0,0,2,2,2,1,3,yes,yes,no,41.6666666666667
2020-10-26,CH,1,open_with_measures,open_with_measures,open_with_measures,0,no,open_with_measures,open_with_measures,open_with_measures,open_with_measures,open_with_measures,open_with_measures,,open_with_measures,300,1,3,,15,0,0,0,2,2,2,1,3,yes,yes,no,41.6666666666667
2020-10-27,CH,1,open_with_measures,open_with_measures,open_with_measures,0,no,open_with_measures,open_with_measures,open_with_measures,open_with_measures,open_with_measures,open_with_measures,,open_with_measures,300,1,3,,15,0,0,0,2,2,2,1,3,yes,yes,no,41.6666666666667
2020-10-28,CH,1,open_with_measures,open_with_measures,open_with_measures,0,no,open_with_measures,open_with_measures,open_with_measures,open_with_measures,open_with_measures,open_with_measures,,open_with_measures,300,1,3,,15,0,0,0,2,2,2,1,3,yes,yes,no,41.6666666666667
2020-10-29,CH,1,open_with_measures,open_with_measures,open_with_measures,1,yes,open_with_measures,open_with_measures,open_with_measures,open_with_measures,open_with_measures,open_with_measures,4,closed,0,2,3,50,10,0,0,0,2,2,2,1,3,yes,yes,yes,48.6111111111111
2020-10-30,CH,1,open_with_measures,open_with_measures,open_with_measures,1,yes,open_with_measures,open_with_measures,open_with_measures,open_with_measures,open_with_measures,open_with_measures,4,closed,0,2,3,50,10,0,0,0,2,2,2,1,3,yes,yes,yes,48.6111111111111
2020-10-31,CH,1,open_with_measures,open_with_measures,open_with_measures,1,yes,open_with_measures,open_with_measures,open_with_measures,open_with_measures,open_with_measures,open_with_measures,4,closed,0,2,3,50,10,0,0,0,2,2,2,1,3,yes,yes,yes,48.6111111111111
2020-11-01,CH,1,open_with_measures,open_with_measures,open_with_measures,1,yes,open_with_measures,open_with_measures,open_with_measures,open_with_measures,open_with_measures,open_with_measures,4,closed,0,2,3,50,10,0,0,0,2,2,2,1,3,yes,yes,yes,48.6111111111111
2020-11-02,CH,2,open_with_measures,open_with_measures,closed,1,yes,open_with_measures,open_with_measures,open_with_measures,open_with_measures,open_with_measures,open_with_measures,4,closed,0,2,3,50,10,0,0,0,2,2,2,1,3,yes,yes,yes,51.3888888888889
2020-11-03,CH,2,open_with_measures,open_with_measures,closed,1,yes,open_with_measures,open_with_measures,open_with_measures,open_with_measures,open_with_measures,open_with_measures,4,closed,0,2,3,50,10,0,0,0,2,2,2,1,3,yes,yes,yes,51.3888888888889
2020-11-04,CH,2,open_with_measures,open_with_measures,closed,1,yes,open_with_measures,open_with_measures,open_with_measures,open_with_measures,open_with_measures,open_with_measures,4,closed,0,2,3,50,10,0,0,0,2,2,2,1,3,yes,yes,yes,51.3888888888889
2020-11-05,CH,2,open_with_measures,open_with_measures,closed,1,yes,open_with_measures,open_with_measures,open_with_measures,open_with_measures,open_with_measures,open_with_measures,4,closed,0,2,3,50,10,0,0,0,2,2,2,1,3,yes,yes,yes,51.3888888888889
2020-11-06,CH,2,open_with_measures,open_with_measures,closed,1,yes,open_with_measures,open_with_measures,open_with_measures,open_with_measures,open_with_measures,open_with_measures,4,closed,0,2,3,50,10,0,0,0,2,2,2,1,3,yes,yes,yes,51.3888888888889
2020-11-07,CH,2,open_with_measures,open_with_measures,closed,1,yes,open_with_measures,open_with_measures,open_with_measures,open_with_measures,open_with_measures,open_with_measures,4,closed,0,2,3,50,10,0,0,0,2,2,2,1,3,yes,yes,yes,51.3888888888889
2020-11-08,CH,2,open_with_measures,open_with_measures,closed,1,yes,open_with_measures,open_with_measures,open_with_measures,open_with_measures,open_with_measures,open_with_measures,4,closed,0,2,3,50,10,0,0,0,2,2,2,1,3,yes,yes,yes,51.3888888888889
2020-11-09,CH,2,open_with_measures,open_with_measures,closed,1,yes,open_with_measures,open_with_measures,open_with_measures,open_with_measures,open_with_measures,open_with_measures,4,closed,0,2,3,50,10,0,0,0,2,2,2,1,3,yes,yes,yes,51.3888888888889
2020-11-10,CH,2,open_with_measures,open_with_measures,closed,1,yes,open_with_measures,open_with_measures,open_with_measures,open_with_measures,open_with_measures,open_with_measures,4,closed,0,2,3,50,10,0,0,0,2,2,2,1,3,yes,yes,yes,51.3888888888889
2020-11-11,CH,2,open_with_measures,open_with_measures,closed,1,yes,open_with_measures,open_with_measures,open_with_measures,open_with_measures,open_with_measures,open_with_measures,4,closed,0,2,3,50,10,0,0,0,2,2,2,1,3,yes,yes,yes,51.3888888888889
2020-11-12,CH,2,open_with_measures,open_with_measures,closed,1,yes,open_with_measures,open_with_measures,open_with_measures,open_with_measures,open_with_measures,open_with_measures,4,closed,0,2,3,50,10,0,0,0,2,2,2,1,3,yes,yes,yes,51.3888888888889
2020-11-13,CH,2,open_with_measures,open_with_measures,closed,1,yes,open_with_measures,open_with_measures,open_with_measures,open_with_measures,open_with_measures,open_with_measures,4,closed,0,2,3,50,10,0,0,0,2,2,2,1,3,yes,yes,yes,51.3888888888889
2020-11-14,CH,2,open_with_measures,open_with_measures,closed,1,yes,open_with_measures,open_with_measures,open_with_measures,open_with_measures,open_with_measures,open_with_measures,4,closed,0,2,3,50,10,0,0,0,2,2,2,1,3,yes,yes,yes,51.3888888888889
2020-11-15,CH,2,open_with_measures,open_with_measures,closed,1,yes,open_with_measures,open_with_measures,open_with_measures,open_with_measures,open_with_measures,open_with_measures,4,closed,0,2,3,50,10,0,0,0,2,2,2,1,3,yes,yes,yes,51.3888888888889
2020-11-16,CH,2,open_with_measures,open_with_measures,closed,1,yes,open_with_measures,open_with_measures,open_with_measures,open_with_measures,open_with_measures,open_with_measures,4,closed,0,2,3,50,10,0,0,0,2,2,2,1,3,yes,yes,yes,51.3888888888889
2020-11-17,CH,2,open_with_measures,open_with_measures,closed,1,yes,open_with_measures,open_with_measures,open_with_measures,open_with_measures,open_with_measures,open_with_measures,4,closed,0,2,3,50,10,0,0,0,2,2,2,1,3,yes,yes,yes,51.3888888888889
2020-11-18,CH,2,open_with_measures,open_with_measures,closed,1,yes,open_with_measures,open_with_measures,open_with_measures,open_with_measures,open_with_measures,open_with_measures,4,closed,0,2,3,50,10,0,0,0,2,2,2,1,3,yes,yes,yes,51.3888888888889
2020-11-19,CH,2,open_with_measures,open_with_measures,closed,1,yes,open_with_measures,open_with_measures,open_with_measures,open_with_measures,open_with_measures,open_with_measures,4,closed,0,2,3,50,10,0,0,0,2,2,2,1,3,yes,yes,yes,51.3888888888889
2020-11-20,CH,2,open_with_measures,open_with_measures,closed,1,yes,open_with_measures,open_with_measures,open_with_measures,open_with_measures,open_with_measures,open_with_measures,4,closed,0,2,3,50,10,0,0,0,2,2,2,1,3,yes,yes,yes,51.3888888888889
2020-11-21,CH,2,open_with_measures,open_with_measures,closed,1,yes,open_with_measures,open_with_measures,open_with_measures,open_with_measures,open_with_measures,open_with_measures,4,closed,0,2,3,50,10,0,0,0,2,2,2,1,3,yes,yes,yes,51.3888888888889
2020-11-22,CH,2,open_with_measures,open_with_measures,closed,1,yes,open_with_measures,open_with_measures,open_with_measures,open_with_measures,open_with_measures,open_with_measures,4,closed,0,2,3,50,10,0,0,0,2,2,2,1,3,yes,yes,yes,51.3888888888889
2020-11-23,CH,2,open_with_measures,open_with_measures,closed,1,yes,open_with_measures,open_with_measures,open_with_measures,open_with_measures,open_with_measures,open_with_measures,4,closed,0,2,3,50,10,0,0,0,2,2,2,1,3,yes,yes,yes,51.3888888888889
2020-11-24,CH,2,open_with_measures,open_with_measures,closed,1,yes,open_with_measures,open_with_measures,open_with_measures,open_with_measures,open_with_measures,open_with_measures,4,closed,0,2,3,50,10,0,0,0,2,2,2,1,3,yes,yes,yes,51.3888888888889
2020-11-25,CH,2,open_with_measures,open_with_measures,closed,1,yes,open_with_measures,open_with_measures,open_with_measures,open_with_measures,open_with_measures,open_with_measures,4,closed,0,2,3,50,10,0,0,0,2,2,2,1,3,yes,yes,yes,51.3888888888889
2020-11-26,CH,2,open_with_measures,open_with_measures,closed,1,yes,open_with_measures,open_with_measures,open_with_measures,open_with_measures,open_with_measures,open_with_measures,4,closed,0,2,3,50,10,0,0,0,2,2,2,1,3,yes,yes,yes,51.3888888888889
2020-11-27,CH,2,open_with_measures,open_with_measures,closed,1,yes,open_with_measures,open_with_measures,open_with_measures,open_with_measures,open_with_measures,open_with_measures,4,closed,0,2,3,50,10,0,0,0,2,2,2,1,3,yes,yes,yes,51.3888888888889
2020-11-28,CH,2,open_with_measures,open_with_measures,closed,1,yes,open_with_measures,open_with_measures,open_with_measures,open_with_measures,open_with_measures,open_with_measures,4,closed,0,2,3,50,10,0,0,0,2,2,2,1,3,yes,yes,yes,51.3888888888889
2020-11-29,CH,2,open_with_measures,open_with_measures,closed,1,yes,open_with_measures,open_with_measures,open_with_measures,open_with_measures,open_with_measures,open_with_measures,4,closed,0,2,3,50,10,0,0,0,2,2,2,1,3,yes,yes,yes,51.3888888888889
2020-11-30,CH,2,open_with_measures,open_with_measures,closed,1,yes,open_with_measures,open_with_measures,open_with_measures,open_with_measures,open_with_measures,open_with_measures,4,closed,0,2,3,50,10,0,0,0,2,2,2,1,3,yes,yes,yes,51.3888888888889
2020-12-01,CH,2,open_with_measures,open_with_measures,closed,1,yes,open_with_measures,open_with_measures,open_with_measures,open_with_measures,open_with_measures,open_with_measures,4,closed,0,2,3,50,10,0,0,0,2,2,2,1,3,yes,yes,yes,51.3888888888889
2020-12-02,CH,2,open_with_measures,open_with_measures,closed,1,yes,open_with_measures,open_with_measures,open_with_measures,open_with_measures,open_with_measures,open_with_measures,4,closed,0,2,3,50,10,0,0,0,2,2,2,1,3,yes,yes,yes,51.3888888888889
2020-12-03,CH,2,open_with_measures,open_with_measures,closed,1,yes,open_with_measures,open_with_measures,open_with_measures,open_with_measures,open_with_measures,open_with_measures,4,closed,0,2,3,50,10,0,0,0,2,2,2,1,3,yes,yes,yes,51.3888888888889
2020-12-04,CH,2,open_with_measures,open_with_measures,closed,1,yes,open_with_measures,open_with_measures,open_with_measures,open_with_measures,open_with_measures,open_with_measures,4,closed,0,2,3,50,10,0,0,0,2,2,2,1,3,yes,yes,yes,51.3888888888889
2020-12-05,CH,2,open_with_measures,open_with_measures,closed,1,yes,open_with_measures,open_with_measures,open_with_measures,open_with_measures,open_with_measures,open_with_measures,4,closed,0,2,3,50,10,0,0,0,2,2,2,1,3,yes,yes,yes,51.3888888888889
2020-12-06,CH,2,open_with_measures,open_with_measures,closed,1,yes,open_with_measures,open_with_measures,open_with_measures,open_with_measures,open_with_measures,open_with_measures,4,closed,0,2,3,50,10,0,0,0,2,2,2,1,3,yes,yes,yes,51.3888888888889
2020-12-07,CH,2,open_with_measures,open_with_measures,closed,1,yes,open_with_measures,open_with_measures,open_with_measures,open_with_measures,open_with_measures,open_with_measures,4,closed,0,2,3,50,10,0,0,0,2,2,2,1,3,yes,yes,yes,51.3888888888889
2020-12-08,CH,2,open_with_measures,open_with_measures,closed,1,yes,open_with_measures,open_with_measures,open_with_measures,open_with_measures,open_with_measures,open_with_measures,4,closed,0,2,3,50,10,0,0,0,2,2,2,1,3,yes,yes,yes,51.3888888888889
2020-12-09,CH,2,open_with_measures,open_with_measures,closed,1,yes,open_with_measures,open_with_measures,open_with_measures,open_with_measures,open_with_measures,open_with_measures,4,closed,0,2,3,50,10,0,0,0,2,2,2,1,3,yes,yes,yes,51.3888888888889
2020-12-10,CH,2,open_with_measures,open_with_measures,closed,1,yes,open_with_measures,open_with_measures,open_with_measures,open_with_measures,open_with_measures,open_with_measures,4,closed,0,2,3,50,10,0,0,0,2,2,2,1,3,yes,yes,yes,51.3888888888889
2020-12-11,CH,2,open_with_measures,open_with_measures,closed,1,yes,open_with_measures,open_with_measures,open_with_measures,open_with_measures,open_with_measures,open_with_measures,4,closed,0,2,3,50,10,0,0,0,2,2,2,1,3,yes,yes,yes,51.3888888888889
2020-12-12,CH,2,open_with_measures,open_with_measures,closed,1,yes,open_with_measures,open_with_measures,open_with_measures,open_with_measures,open_with_measures,open_with_measures,4,closed,0,2,3,0,10,0,0,0,2,2,2,1,3,yes,yes,yes,51.3888888888889
2020-12-13,CH,2,open_with_measures,open_with_measures,closed,1,yes,open_with_measures,open_with_measures,open_with_measures,open_with_measures,open_with_measures,open_with_measures,4,closed,0,2,3,0,10,0,0,0,2,2,2,1,3,yes,yes,yes,51.3888888888889
2020-12-14,CH,2,open_with_measures,open_with_measures,closed,1,yes,open_with_measures,open_with_measures,open_with_measures,open_with_measures,open_with_measures,open_with_measures,4,closed,0,2,3,0,10,0,0,0,2,2,2,1,3,yes,yes,yes,51.3888888888889
2020-12-15,CH,2,open_with_measures,open_with_measures,closed,1,yes,open_with_measures,open_with_measures,open_with_measures,open_with_measures,open_with_measures,open_with_measures,4,closed,0,2,3,0,10,0,0,0,2,2,2,1,3,yes,yes,yes,51.3888888888889
2020-12-16,CH,2,open_with_measures,open_with_measures,closed,1,yes,open_with_measures,open_with_measures,open_with_measures,open_with_measures,open_with_measures,open_with_measures,4,closed,0,2,3,0,10,0,0,0,2,2,2,1,3,yes,yes,yes,51.3888888888889
2020-12-17,CH,2,open_with_measures,open_with_measures,closed,1,yes,open_with_measures,open_with_measures,open_with_measures,open_with_measures,open_with_measures,open_with_measures,4,closed,0,2,3,0,10,0,0,0,2,2,2,1,3,yes,yes,yes,51.3888888888889
2020-12-18,CH,2,open_with_measures,open_with_measures,closed,1,yes,open_with_measures,open_with_measures,open_with_measures,open_with_measures,open_with_measures,open_with_measures,4,closed,0,2,3,0,10,0,0,0,2,2,2,1,3,yes,yes,yes,51.3888888888889
2020-12-19,CH,2,open_with_measures,open_with_measures,closed,1,yes,open_with_measures,open_with_measures,open_with_measures,open_with_measures,open_with_measures,open_with_measures,4,closed,0,2,3,0,10,0,0,0,2,2,2,1,3,yes,yes,yes,51.3888888888889
2020-12-20,CH,2,open_with_measures,open_with_measures,closed,1,yes,open_with_measures,open_with_measures,open_with_measures,open_with_measures,open_with_measures,open_with_measures,4,closed,0,2,3,0,10,0,0,0,2,2,2,1,3,yes,yes,yes,51.3888888888889
2020-12-21,CH,2,open_with_measures,open_with_measures,closed,1,yes,open_with_measures,open_with_measures,open_with_measures,open_with_measures,open_with_measures,open_with_measures,4,closed,0,2,3,0,10,0,0,0,3,2,2,1,3,yes,yes,yes,53.4722222222222
2020-12-22,CH,2,open_with_measures,open_with_measures,closed,2,yes,closed,closed,open_with_measures,open_with_measures,open_with_measures,closed,0,closed,0,2,3,0,10,0,1,0,3,2,2,1,3,yes,yes,yes,59.0277777777778
2020-12-23,CH,3,closed,closed,closed,2,yes,closed,closed,open_with_measures,open_with_measures,open_with_measures,closed,0,closed,0,2,3,0,10,0,1,0,3,2,2,1,3,yes,yes,yes,61.8055555555556
2020-12-24,CH,3,closed,closed,closed,2,yes,closed,closed,open_with_measures,open_with_measures,open_with_measures,closed,0,closed,0,2,3,0,10,0,1,0,3,2,2,1,3,yes,yes,yes,61.8055555555556
2020-12-25,CH,3,closed,closed,closed,2,yes,closed,closed,open_with_measures,open_with_measures,open_with_measures,closed,0,closed,0,2,3,0,10,0,1,0,3,2,2,1,3,yes,yes,yes,61.8055555555556
2020-12-26,CH,3,closed,closed,closed,2,yes,closed,closed,open_with_measures,open_with_measures,open_with_measures,closed,0,closed,0,2,3,0,10,0,1,0,3,2,2,1,3,yes,yes,yes,61.8055555555556
2020-12-27,CH,3,closed,closed,closed,2,yes,closed,closed,open_with_measures,open_with_measures,open_with_measures,closed,0,closed,0,2,3,0,10,0,1,0,3,2,2,1,3,yes,yes,yes,61.8055555555556
2020-12-28,CH,3,closed,closed,closed,2,yes,closed,closed,open_with_measures,open_with_measures,open_with_measures,closed,0,closed,0,2,3,0,10,0,1,0,3,2,2,1,3,yes,yes,yes,61.8055555555556
2020-12-29,CH,3,closed,closed,closed,2,yes,closed,closed,open_with_measures,open_with_measures,open_with_measures,closed,0,closed,0,2,3,0,10,0,1,0,3,2,2,1,3,yes,yes,yes,61.8055555555556
2020-12-30,CH,3,closed,closed,closed,2,yes,closed,closed,open_with_measures,open_with_measures,open_with_measures,closed,0,closed,0,2,3,0,10,0,1,0,3,2,2,1,3,yes,yes,yes,61.8055555555556
2020-12-31,CH,3,closed,closed,closed,2,yes,closed,closed,open_with_measures,open_with_measures,open_with_measures,closed,0,closed,0,2,3,0,10,0,1,0,3,2,2,1,3,yes,yes,yes,61.8055555555556
2021-01-01,CH,3,closed,closed,closed,2,yes,closed,closed,open_with_measures,open_with_measures,open_with_measures,closed,0,closed,0,2,3,0,10,0,1,0,3,2,2,1,3,yes,yes,yes,61.8055555555556
2021-01-02,CH,3,closed,closed,closed,2,yes,closed,closed,open_with_measures,open_with_measures,open_with_measures,closed,0,closed,0,2,3,0,10,0,1,0,3,2,2,1,3,yes,yes,yes,61.8055555555556
2021-01-03,CH,3,closed,closed,closed,2,yes,closed,closed,open_with_measures,open_with_measures,open_with_measures,closed,0,closed,0,2,3,0,10,0,1,0,3,2,2,1,3,yes,yes,yes,61.8055555555556
2021-01-04,CH,3,closed,closed,closed,2,yes,closed,closed,open_with_measures,open_with_measures,open_with_measures,closed,0,closed,0,2,3,0,10,0,1,0,3,2,2,1,3,yes,yes,yes,61.8055555555556
2021-01-05,CH,2,open_with_measures,open_with_measures,closed,2,yes,closed,closed,open_with_measures,open_with_measures,open_with_measures,closed,0,closed,0,2,3,0,10,0,1,0,3,2,2,1,3,yes,yes,yes,59.0277777777778
